usage_date,genai_tokens,costo_eventos_usd,costo_tokens_usd
2025-07-03,,398.16,
2025-07-04,,783.37,
2025-07-05,,596.07,
2025-07-06,,392.04,
2025-07-07,,620.14,
2025-07-08,,414.61,
2025-07-09,,439.25,
2025-07-10,,317.24,
2025-07-11,,956.5,
2025-07-12,,448.71,
2025-07-13,,382.94,
2025-07-14,,281.37,
2025-07-15,,434.69,
2025-07-16,,456.45,
2025-07-17,,525.57,
2025-07-18,56571.0,459.06,0.1131
2025-07-19,57204.0,446.92,0.1144
2025-07-20,65278.0,545.86,0.1306
2025-07-21,50021.0,492.43,0.1
2025-07-22,51943.0,400.67,0.1039
2025-07-23,68069.0,569.56,0.1361
2025-07-24,56699.0,400.24,0.1134
2025-07-25,68305.0,456.36,0.1366
2025-07-26,60667.0,519.4,0.1213
2025-07-27,57653.0,513.31,0.1153
2025-07-28,54391.0,533.98,0.1088
2025-07-29,59558.0,486.46,0.1191
2025-07-30,57061.0,600.76,0.1141
2025-07-31,51723.0,465.64,0.1034
2025-08-01,54517.0,509.08,0.109
2025-08-02,58952.0,496.79,0.1179
2025-08-03,54642.0,466.6,0.1093
2025-08-04,66395.0,627.69,0.1328
2025-08-05,59394.0,959.0,0.1188
2025-08-06,57989.0,460.23,0.116
2025-08-07,59009.0,486.43,0.118
2025-08-08,46728.0,392.2,0.0935
2025-08-09,67269.0,532.3,0.1345
2025-08-10,51894.0,295.83,0.1038
2025-08-11,61575.0,362.08,0.1232
2025-08-12,57400.0,511.21,0.1148
2025-08-13,67257.0,493.48,0.1345
2025-08-14,61805.0,525.11,0.1236
2025-08-15,63479.0,639.96,0.127
2025-08-16,54290.0,493.56,0.1086
2025-08-17,58124.0,499.54,0.1162
2025-08-18,40716.0,415.57,0.0814
2025-08-19,47851.0,410.2,0.0957
2025-08-20,57409.0,473.36,0.1148
2025-08-21,62010.0,636.4,0.124
2025-08-22,63851.0,500.73,0.1277
2025-08-23,56013.0,427.61,0.112
2025-08-24,59276.0,795.95,0.1186
2025-08-25,48645.0,442.26,0.0973
2025-08-26,43368.0,435.12,0.0867
2025-08-27,48346.0,452.22,0.0967
2025-08-28,49086.0,411.6,0.0982
2025-08-29,51700.0,456.3,0.1034
2025-08-30,61009.0,465.22,0.122
2025-08-31,40339.0,299.09,0.0807
