path,bytes,sha256
billing_monthly.csv,15854,89662f497cf2ad464763e832175c4c94ea0790cf0a320be81a264649d74072cc
customers_orgs.csv,7746,33b4acd3a86a9cc84ba2e5b18ea6ff92bdbc56ae420ccb89a2881f4f376cb364
marketing_touches.csv,101998,44cdb4bba275d73bd9e1e216eedc37b73b1cf744ddfaf845820a7fbf3f7f2a0e
nps_surveys.csv,3977,2407fa308c14a3d6164d718b2e0cdb94842c48a4ed08d633eebf4e173c827148
resources.csv,36703,ff00868ae96ddfd7556e4aaeadbf66781181699da5428320f8725b527e7faaba
support_tickets.csv,70945,9e60b608a08bc8076b9781833e04ce80d7e8049f056e5f17cee92dc6ca14358b
usage_events_stream/events_part_0000.jsonl,107939,5f30742b79876fe094d0ee27e7e84e150c34e1b2ba36928d13281f70037790ef
usage_events_stream/events_part_0001.jsonl,107492,d34099da2af6cd252612ea56377437e9f1d9e267267e6a939290f0f1196c0f31
usage_events_stream/events_part_0002.jsonl,107431,167b9cc2dd7b2d347a37562be88173ccbfaaddec8ceaaeaafa09fdb37bcaaf4c
usage_events_stream/events_part_0003.jsonl,107669,4d0e458d92cf016bf8b5c5e0cf72c8e130ca4edf64aee59b103b244935d44e8a
usage_events_stream/events_part_0004.jsonl,107916,8a906753e6a37b3824a29848670c69aa647776bde0469fc5aa0a472ddb38564d
usage_events_stream/events_part_0005.jsonl,107685,d6435f1feb6abd9b0965a0471d9d3e99b23640a6e096b3bcdd09dd8b010613fb
usage_events_stream/events_part_0006.jsonl,107386,47f253d00b2e79cebc2b3567afb579de6c407a9dbfc9236abba3ea4267121ad5
usage_events_stream/events_part_0007.jsonl,107887,1d395094484cb65e1ac7acc63296126edba31381ccbe0ef3e7fb1e8445980e5c
usage_events_stream/events_part_0008.jsonl,107819,b8eaef0483cc28e70e1dfb68e2aa446f5edee61d849f935ea7202c2f531ea1f2
usage_events_stream/events_part_0009.jsonl,107555,fe6ec8f1cfc30dcb66e700e6367835a3b7fa05bf51723f781367e48fb3f088ad
usage_events_stream/events_part_0010.jsonl,107970,cfca5a176634a22c9f722cb246928b79b9db7a58b0fa86f68fa3ed1097fc6d1f
usage_events_stream/events_part_0011.jsonl,107589,7b828284808e09bba71c610772974b0de028354654eb1426fa03bf678b7c7051
usage_events_stream/events_part_0012.jsonl,107972,bdb60cc07e181634d4c1d088be1a13a136ba3866d7984e576ebbef8a399c1c12
usage_events_stream/events_part_0013.jsonl,107527,a92e1ec34cff28b5f54b4c071685fe5aa63abe1d2703dd565b9facd6f9b98ce5
usage_events_stream/events_part_0014.jsonl,107607,5dd8c02d05396c059670be78537816d26ba509a194555cdd5e627c53ff11eb4c
usage_events_stream/events_part_0015.jsonl,107226,96fabb54aec44fb678e10f3b0dc4db1d218dbe75be2aa8e5891f7d2d70da0872
usage_events_stream/events_part_0016.jsonl,107770,0394998715bcac18c56838b0a54250eff7e1fa0d2da51b6f8a98a6a331c6259b
usage_events_stream/events_part_0017.jsonl,107719,9fcd3ab48c6babe4f87eaa0c74e1a708a0afd3ca86442dd9a644b9c38c893cf3
usage_events_stream/events_part_0018.jsonl,107903,aef2f962205147f5b0e4dca2fcce754c78c513d2d5f180fddcb4a4fb76c0f9b7
usage_events_stream/events_part_0019.jsonl,107856,93aca8cf01ecde3d7946bd39bb96be8445b354b8de7e77e0ef00599ae04b912b
usage_events_stream/events_part_0020.jsonl,107833,d094c2540f28477d20f13af2d08791162326a73205a06598759db7f57a36d6b6
usage_events_stream/events_part_0021.jsonl,108316,897bac1c90d4eedb00345ff00c4c668690bf1a7041cd37d8ef52bcb5851f5a30
usage_events_stream/events_part_0022.jsonl,107665,da24f686655832ccbfb9285934ea0234fc44a00978af0e7703ee798700f48bcc
usage_events_stream/events_part_0023.jsonl,107326,1114e355fb15940646a511eab8b112994ec28307d75af1953ec3aa7a74b69074
usage_events_stream/events_part_0024.jsonl,107561,2d7b216b4255b165ddc0df27b62eef3de1429339cb843eebaaf5e4465663daa7
usage_events_stream/events_part_0025.jsonl,107627,e3ce35380175d121974a6f3247abb76574ff57087df74221fa54bdb9c8d086f5
usage_events_stream/events_part_0026.jsonl,107554,53f0ed97129a4e0d8cfb8633b4b5fa6923c238da2f520143566f7881124dfbb5
usage_events_stream/events_part_0027.jsonl,108252,d1cc9b570b4b870eef37ce8ba7dc12b036f3acfe3b9e25e3751770ff394d0231
usage_events_stream/events_part_0028.jsonl,107548,8a789b36b38bd54ad1e877d6a3070f20b789861cd7169d74638132ff6c0dde12
usage_events_stream/events_part_0029.jsonl,107741,2e06168fcab9c075b8a18b4f7e7b0d12a36f697eb97e66f53c969eaaa4cbdcfb
usage_events_stream/events_part_0030.jsonl,108035,8410b9e979b7e3407181861819b4247cbda96806f65b0a660f20f142ac277eaa
usage_events_stream/events_part_0031.jsonl,107427,279afc919da4c6578a5e4b227ca95af9673ad813a5f5ae428ef036544161ab3a
usage_events_stream/events_part_0032.jsonl,107995,d78061b26c6ef529ef12be36b451fe63255d47552cc05ed66e8a046a674c6dd5
usage_events_stream/events_part_0033.jsonl,107891,6d333b7bdc6da953005ab5638f8cdb6f5b26e405fae7634c316d55049d37c27d
usage_events_stream/events_part_0034.jsonl,107570,05f81e41626d3e3ba5711a1210645ffcdb36d3e5664e7800e82184012113ef5c
usage_events_stream/events_part_0035.jsonl,107757,f559a25cd1291ac5372de4660509eed388b607b3d7bf9f0bd2baa78d3891adc7
usage_events_stream/events_part_0036.jsonl,107809,1881ea2dab8dede1138d64ac9e43d2259a1b4d33040c7a2f1470dad9e6888ad6
usage_events_stream/events_part_0037.jsonl,107636,e77c237b55ce60a12e59f51d9b478efec4b9c0eafb647f2743a36cd7cc94c3c8
usage_events_stream/events_part_0038.jsonl,107846,38465de59b47ae68f7ce556a470c0a13ee9dd1edfa13811ba59a2dd5f3262b5d
usage_events_stream/events_part_0039.jsonl,107910,e1ce8ec6492912ceffa115b1dd7a775f5e849a2e8296187f17e5212df8ed6df0
usage_events_stream/events_part_0040.jsonl,107460,fb057352c26493212ee134a47ddde049378862ee1132a45872f2c59f5f70958a
usage_events_stream/events_part_0041.jsonl,108045,2551b49e1e97461f0a7e455db10198dbe246ead1766b8840caf9ab422e772c20
usage_events_stream/events_part_0042.jsonl,107930,8aaca4bb2d228167b35204d7923d80d17e92c1236adaee72811deb157e73ff70
usage_events_stream/events_part_0043.jsonl,107767,b545cfa7e397ae5c76f0155a0a17935e78abc48c486d2e898a8a0ed7bda9b2e8
usage_events_stream/events_part_0044.jsonl,107293,3e85bc7bdfb015dc8c7c2d954c5612af3a625bc768e09dcb291a488b8ad24f1b
usage_events_stream/events_part_0045.jsonl,107821,745d98bc02844e8d78659651fcf4f90370339d7d21dd1ec0a2a57b27f850a4c4
usage_events_stream/events_part_0046.jsonl,107906,e8f681afa45c2ff4e9364e4d13a045a48b5b688c6e2461a9cdf4e2b8769857c1
usage_events_stream/events_part_0047.jsonl,107680,cf7480fd47398c681f36ca44e89caf6dd8ec1263647c685e4b03b53259051934
usage_events_stream/events_part_0048.jsonl,107520,3a9cb82c7bd47b146a2f78a6cadc89474b213689d61e3d7b093bb7b3e493dce5
usage_events_stream/events_part_0049.jsonl,107732,6946ebd986d2963e1b14c00083dcf4814e200bed69280d61e2fa84520d59e4af
usage_events_stream/events_part_0050.jsonl,107238,6b9f2eede2f279c5750d0a4839f3f0adb48548ed0b2070ee6ff0d53b6ed6e6e2
usage_events_stream/events_part_0051.jsonl,107608,928e5df3588f0545e68aabc2b2849b7937a2a7b17e926ee0aaea95f77bb7fe81
usage_events_stream/events_part_0052.jsonl,107656,d3bddd5f535ac2caa1885d4889e7502506896b8225f1ef1b06ab800731c37b63
usage_events_stream/events_part_0053.jsonl,107526,9a18d8f436da65f9e51757350f3cfd057c231038c596032d8077b205ca8a0881
usage_events_stream/events_part_0054.jsonl,107660,fcd9d7d6118534c60ed1eb455e2784af25735e74c8125d61291e326d2da14065
usage_events_stream/events_part_0055.jsonl,107911,bbb879e476a2663c13f9990895ea6ba7f68bdec40430ca4c38d782fb811e3a2e
usage_events_stream/events_part_0056.jsonl,107765,ff412efcc6ead146790ceef0e1d5b3d588350f7c2baebc6ef65397a9fb182797
usage_events_stream/events_part_0057.jsonl,107813,55304fd2983fb788b48cc9a72cafa7c247c0a32533b8740d328f9db04f30cadc
usage_events_stream/events_part_0058.jsonl,107250,63e15015266d8104018206722255a58c61d9a3baf0609605ca94d667dfa22b53
usage_events_stream/events_part_0059.jsonl,107901,267866e4ea303be85a1f49643a1f118ad007f0cfd09fe9b3a4dd352bb8252aa1
usage_events_stream/events_part_0060.jsonl,107775,13ef0626f5ca863ee37d8fe9f3e396704b3ee0a15c690fb6ac4deffd07a7a0b0
usage_events_stream/events_part_0061.jsonl,107831,a74c27e2dd89314ef24f50d3a15bc408afa82f13dbd6b6e608ec9dfaceb442cf
usage_events_stream/events_part_0062.jsonl,107204,46c9d2124e60f0b740d6714ec2c4c02ac18b9f2cc1012441f0e7befd8e5f4449
usage_events_stream/events_part_0063.jsonl,107492,3f627b5894dca44125643242cb8d96b2ddd8158cecab6bf5d1a34a2ba166e499
usage_events_stream/events_part_0064.jsonl,107256,a05e95021323b39efc676f8d631f777eddabf37859f88e5a62a130c628f8d8a6
usage_events_stream/events_part_0065.jsonl,107937,4b68833c151be5cc7b00a8d1e4bc3fd47248bf0df411ecc4bb1c10bbb64b679f
usage_events_stream/events_part_0066.jsonl,107971,c2b0f996f71910d5ebc6de3d706eb52c77970df71d63001562a9d2e802a6fd64
usage_events_stream/events_part_0067.jsonl,107844,4a4e7c0beac223782b7b575810e23b293bece8e29aba373edaa8ba2bc3347bf8
usage_events_stream/events_part_0068.jsonl,107757,c93e319d82a3a00c46f0a59d7bd339dd51bef14c30b7b534f8c2468ff02e3c66
usage_events_stream/events_part_0069.jsonl,108361,4ce73ae1060d6f4a96970b045f7c8d9a247b077d2018a7dca8bbb3cd7a0c43d9
usage_events_stream/events_part_0070.jsonl,107494,76dc40f8602c1fddd63a170ef43bbd859be6074c538e816b68d85da7efab08fe
usage_events_stream/events_part_0071.jsonl,107928,3fd6b4925a8b23c7cadc3ae53edb3fbb938646c8faaa00d8fac504bbc54d607c
usage_events_stream/events_part_0072.jsonl,107930,e98d5b95aae497610343b706a44a1a7f3f4e285ac96b13bc43ba2b9d6a8bbe7d
usage_events_stream/events_part_0073.jsonl,107212,5a88c2e90108a5b4889cd2c691a8fabbeb112574a639ee1cdde830b67907a8b1
usage_events_stream/events_part_0074.jsonl,107356,bd302bd4ab2b546ac77f4cdfacb9059e56c376446b0d910c42f6af99f52f03f3
usage_events_stream/events_part_0075.jsonl,107692,73ca82260c0ec7659d05e0dfbabc37b122483f3b719e1a1380bea6e4caed32f8
usage_events_stream/events_part_0076.jsonl,107591,71a75d265a13554c92ff7b945704737c1910db46ccfa2ea3e74c358c20560d69
usage_events_stream/events_part_0077.jsonl,107954,12ef90d22ec39f0481a969fb7e811947b63e454dddbc6535cffab1d18575e59f
usage_events_stream/events_part_0078.jsonl,107687,f1c3c6e44e22dacbd2c2811397139f6fdec55916950bfbfb4afc2f51e3170338
usage_events_stream/events_part_0079.jsonl,107879,e98f597238dcff37a48a6af2db147927396c441007efe3b41f0ef3d4591deb2f
usage_events_stream/events_part_0080.jsonl,107389,40e524bc7b5e43e8bff1c362736ba64b78f2637b9fcd980d803938e6366f761b
usage_events_stream/events_part_0081.jsonl,107728,623e69d57b818827b63ffaeadeaf6bfbb9ab1062d11a8befc190e0fc67782f42
usage_events_stream/events_part_0082.jsonl,107719,9c4e75c737eed6f52df4e363d56f2ff501006a1986d05d5ea68ef234cddecd13
usage_events_stream/events_part_0083.jsonl,107666,8a31489083fbb8b5b15706cfce4bf27121ffbc14b8cdb8c0db66eca22fdc18fe
usage_events_stream/events_part_0084.jsonl,107903,e62ecc5a5dc4b0400a9af576c27efa90ad87cd05e6e7f1de994127d795ff5ddc
usage_events_stream/events_part_0085.jsonl,108027,82d24815dfb071fb781d4e5fd1d5a2167f7465acdf5d5f6472fa007c0eb6a606
usage_events_stream/events_part_0086.jsonl,107644,393ea169653ac2e2f05f172e59081ba21f039b1b3f298c8a5e36bdbd9f001570
usage_events_stream/events_part_0087.jsonl,107586,4b94af1dddd86f9f59f8e76401926a42125add797a0301fea545e83038ef271a
usage_events_stream/events_part_0088.jsonl,107497,827f62b80c447ef90f230c3421dee3e75dcfedee58e9901198066586cd9fb3ec
usage_events_stream/events_part_0089.jsonl,107773,a23d17beca9f5728423ac73457d7afec42b7ff960e8291ed3718069c24cfaad9
usage_events_stream/events_part_0090.jsonl,108183,5c7e75e398253e2372d34019b8851fa433e1eb4494ae1a362545c2f242e51209
usage_events_stream/events_part_0091.jsonl,108139,6af72995e87adbd92f52c9ab78db4657d780dc0d6d37dd72c7b3f2df316bdecc
usage_events_stream/events_part_0092.jsonl,108021,8f13bc5a1388047c16e715a22ba23d77cf22f415b2bb272d4fee221bb8c52cb3
usage_events_stream/events_part_0093.jsonl,107499,f9d792d1bb8b8e6b61a968cede567107e47271887acc5e33a517b5c6a6b39e4a
usage_events_stream/events_part_0094.jsonl,107810,9255d19920befdfd133d641d1f82e49e808166c72d94be20b7482698c3c16e02
usage_events_stream/events_part_0095.jsonl,108237,149e7c15e9f2f726d465ce386b5f39c184196cf1699449c548cb4c9994dd35ca
usage_events_stream/events_part_0096.jsonl,107831,bd842387bf7a177eb671a6a8d91af6ddb673bb7a68160927af61bea0d587c978
usage_events_stream/events_part_0097.jsonl,107725,666e0a749a2f0accf51c19b42fee03737770d69bdd3e9f72816b516c13dcb056
usage_events_stream/events_part_0098.jsonl,108070,3c7281907b6e888d23371b472b2bec3dfbe0550dd8065658f74aa0077b24b8ad
usage_events_stream/events_part_0099.jsonl,107395,7d5c2a3481d5b194ad5566aec7b18e2ce46a79bf93fca3fbadd696522ff6a74a
usage_events_stream/events_part_0100.jsonl,107356,e4e973549ca671d7a31c4fbdb8ba7d606fc73cbb8676e78b63552602d70abf70
usage_events_stream/events_part_0101.jsonl,107608,215ff62995f2f05e6fec2532aae5ce294d85ec372352b98ed8929275ecf8a79f
usage_events_stream/events_part_0102.jsonl,108170,6c90dc6ed85a5e2f345f4258a4ad75dbc6124ee1038be75d0b4fd4d180f4b6d8
usage_events_stream/events_part_0103.jsonl,107440,5acbaf3c744568321ce8d7a6db50bf74db188333c743fda3dd8c14f5a6a47cbe
usage_events_stream/events_part_0104.jsonl,107814,9f0b4c130f43e731d0b56627a0c86a31f32ed9cf570ed8f130cdd7f8b9cd8ac4
usage_events_stream/events_part_0105.jsonl,107522,96ce8710efa9a3d897776ffa45fdcd3bdca713e1bc516f9811718279c4509362
usage_events_stream/events_part_0106.jsonl,107655,9c6947d0800cb3e28cc5335a9457219b29b9d00b46b5feed5b0f334c6bcebf0e
usage_events_stream/events_part_0107.jsonl,107827,d50dc0dabe53458c91c5cc3262e61f4e663e1c05c57010ff79a53c8e600d3e46
usage_events_stream/events_part_0108.jsonl,107592,a05d63e4723b782225a3576e5f570160bf28ca5238b8e7e5bcd75d7916aa35f2
usage_events_stream/events_part_0109.jsonl,107980,5cc03f2e9c94a103acf991a5f551ca35cc79f67f3fd64efc298de3e84868897e
usage_events_stream/events_part_0110.jsonl,108089,f59e42076c5fe3c3e6fc1111329f87a45a0ed85836f5b1b0e1e5683b91201b5a
usage_events_stream/events_part_0111.jsonl,107531,99db9d794cf127a659da7aed63a494a274337bd61184617538d2aac3d0863f36
usage_events_stream/events_part_0112.jsonl,107588,102d45fadbea106e88dd1eb483e96591652bb50713a26e36640dda20597a61e4
usage_events_stream/events_part_0113.jsonl,107643,4a878dd9cdb1b317d3e4aca1b92e57c529afe523f8d7e779f22bbbca2f9426f2
usage_events_stream/events_part_0114.jsonl,107519,e1283d737975c5a02bc647838518e29c1056dd79c8ec96e4f3b92695ab032228
usage_events_stream/events_part_0115.jsonl,107897,d4c2938912f8d92ed880aeb1d202eeb96561567485af9f7927ec0d00482ad166
usage_events_stream/events_part_0116.jsonl,107893,7ed01bbc94354ed20bfc8d6abc84f9051c73668b392d4080557dd068b06bb3a5
usage_events_stream/events_part_0117.jsonl,107658,36f1d3e27f904e55c160e85b071248c8325f32aeee4f5a53fb5e9aeb3a272e0a
usage_events_stream/events_part_0118.jsonl,107868,c9121c0766f33ddeac082dbabc70c057d49b1db6e7f267342ad22867d9cbb4ee
usage_events_stream/events_part_0119.jsonl,108173,7890be3fc18b8155b8fb0d136a71ad41063caba551445329c4f8ff77a3393b15
users.csv,70683,e66c8cec889ed3699172315709e27da8fa1e64330cfb23db7dfbf781abade021
